,㛢㓠⩶䕸1,,,,憌崡䚧Ⳃ,,㻺庫䚧Ⳃ,㷯惘䚧Ⳃ,⽗ᾌ䚧Ⳃ4,⅓⎍⽴⢬,
,PC,⿥㣱,㡿␓⟚,√Ⳋ崰⩹3,㎽㢬,⋨⁈憌崡2,,,,,
,3614,861,2875,2372,7527,2358,3142,2517,3230,,
,,⍬庙捁⨐曱 ~-1% ~7%,⍬庙捁⨐曱 ~7% ~9%,DRAM+NAND 喗㚨⨐曱 ~7% ~15%,⍬庙捁⨐曱 ~1% ~0%,⁗4G+5G⥬䱋ᾬ ⃽Ѭ㛢捁⨐曱 ~16% ~16%,㟬副⴨⶷崰⩹ ⍬庙捁 ~12% ~21%,㷯惘Ⓖ⵮⃅ 喗㚨⨐曱 ~7%7 ~14%,’ᾌ䏛准僃5 慐㔗㛢⨐曱 ~15% ~13%,,
㻩㆏,,,,,,,,,,,
橐勰,,,,,,,,,,,
㟡❻ㄠ,,,,,,,,,,,
⪛㛢㟬吡,,,,,,,,,,,
ⵄ㳘倜,,,,,,,,,,,
䟰〘,,,,,,,,,,,
曱㷑Ⳋ√,,,,,,,,,,,
曱旝Ⳋ√,,,,,,,,,,,
杭㹢,,,,,,,,,,,
⩝⋢ㄠ,,,,,,,,,,,
⋚ㅉ䭃㏲,,,,,,,,,,,
䗐吡ㄠ,,,,,,,,,,,
⷇暂,,,,,,,,,,,
⢢⿥倱,,,,,,,,,,,
㟨㟚,,,,,,,,,,,
